0277fce00d1a,image/jpeg,1089,722,lhgODYIHnGiMh3d4iIeHd+/I8z9b,0.0,0.0,"","","2023-10-30 19:42:07+00:00","2024-04-24 13:11:16"
03f19faeb6be,image/jpeg,1089,722,SwgGBYCAdohPWJqWlVh5lYsMEQdK,0.0,0.0,"","","2023-10-28 18:28:50+01:00","2024-04-24 13:11:07"
056ddc1f17d6,image/jpeg,1089,722,3PcRDYKGaHefdod7h5iYiFhwhwaW,0.0,0.0,"","","2023-10-29 19:19:40+00:00","2024-04-24 13:11:18"
0665f6c2173d,image/jpeg,1089,722,2fcNDYITnYevdojDaaeHiKdwdgp4,0.0,0.0,"","","2023-10-30 22:14:59+00:00","2024-04-24 13:11:12"
077848ee2fc4,image/jpeg,1089,722,ExgKFYQKR2eNdnd5iNdneYqApAhX,0.0,0.0,"","","2023-10-28 20:26:53+01:00","2024-04-24 13:11:09"
0879a196be2a,image/jpeg,1089,722,4CgKHYR2ipvedngvarNotBiPefKW,0.0,0.0,"","","2023-10-28 17:34:50+01:00","2024-04-24 13:11:13"
0e89e7ea4556,image/jpeg,1089,722,VykOJYJMiGl/pndkd2eImGqfN8gH,0.0,0.0,"","","2023-10-27 16:20:55+01:00","2024-04-24 13:11:13"
134cdbda8f87,image/jpeg,1089,722,2/cNFYJpaHe/eIeId2h3iHJQJQll,0.0,0.0,"","","2023-10-30 18:34:23+00:00","2024-04-24 13:11:14"
19486e8a0b52,image/jpeg,1089,722,FPgNDYIniIePeHe6eGeIg1WQYBcJ,0.0,0.0,"","","2023-10-27 13:48:01+01:00","2024-04-24 13:11:15"
1cbe2630762c,image/jpeg,1089,722,1fcRDYJUh4hvdoiIeHeIh4uAqgmp,0.0,0.0,"","","2023-10-30 21:08:31+00:00","2024-04-24 13:11:20"
21af7542903b,image/jpeg,1089,722,UecJNYoQl3iJlnZze5hIh/WEWU+Y,0.0,0.0,"","","2023-10-28 16:40:43+01:00","2024-04-24 13:11:12"
22211722d430,image/jpeg,1089,722,lPcFFYJSVQlMWMtwjrRqcpBNBKhF,0.0,0.0,"","","2023-10-28 16:36:58+01:00","2024-04-24 13:11:08"
2277e4d9fbc3,image/jpeg,1089,722,3AcGFYIAKHmTbWV4VvZZfGR/XfBF,0.0,0.0,"","","2023-10-30 20:02:33+00:00","2024-04-24 13:11:10"
24371768b996,image/jpeg,1089,722,nucNDYB2d3ePh4eHh1d3dmlwhgk2,0.0,0.0,"","","2023-10-29 19:18:18+00:00","2024-04-24 13:11:13"
25b7786e274b,image/jpeg,1089,722,DPcFFYKmqXt/nauQnqi4b7pq/4f2,0.0,0.0,"","","2023-10-28 00:00:35+01:00","2024-04-24 13:11:21"
28b55bc6571a,image/jpeg,1089,722,FfgVFYIIpniKd3eJd3eHd/WElE9I,0.0,0.0,"","","2023-10-28 18:03:25+01:00","2024-04-24 13:11:16"
2cd311b83027,image/jpeg,1089,722,GfgNDYIneId/eHi6eGeIg1egcDcK,0.0,0.0,"","","2023-10-27 13:48:13+01:00","2024-04-24 13:11:11"
2ff14ac798ed,image/jpeg,1089,722,GAgSFYKElnd/iIeHiHaHhqBlBEpW,0.0,0.0,"","","2023-10-27 13:08:15+01:00","2024-04-24 13:11:15"
390acbcd1979,image/jpeg,1089,722,3QcOFYYxl4lfd4iFiId4h4/g8jpO,0.0,0.0,"","","2023-10-27 20:14:24+01:00","2024-04-24 13:11:18"
3b9de44dea67,image/jpeg,1089,722,HigKFYZUilN/mXhXmReZd7+R8l0p,0.0,0.0,"","","2023-10-28 21:26:39+01:00","2024-04-24 13:11:13"
3e2f37e960c7,image/jpeg,1089,722,5MYJJYZ3iZivd3coeAiMbYdwdwl2,0.0,0.0,"","","2023-10-28 22:31:01+01:00","2024-04-24 13:11:10"
3fd6a905d5d2,image/jpeg,1089,722,S3kGFYSYepZOqFpwd3lph7U/cPwC,0.0,0.0,"","","2023-10-27 23:05:36+01:00","2024-04-24 13:11:21"
4257b9b4db8f,image/jpeg,1089,722,4AcSDYKAdohuiIeIhpd4h/uT2S98,0.0,0.0,"","","2023-10-27 19:31:31+01:00","2024-04-24 13:11:16"
44f317fc6d00,image/jpeg,1089,722,mecRFYI2aHdvhoZ9d4eIiJSfUPpI,0.0,0.0,"","","2023-10-27 21:43:37+01:00","2024-04-24 13:11:10"
48260e7bd0fa,image/jpeg,1089,722,ncYRHYT4l1iNd4ZndqeId5VwWAl2,0.0,0.0,"","","2023-10-27 21:43:21+01:00","2024-04-24 13:11:16"
49ef075d8960,image/jpeg,1089,722,mvgNDYLNaGevl2iJiUh4Z/AqXWi/,0.0,0.0,"","","2023-10-30 20:37:42+00:00","2024-04-24 13:11:17"
528e3d1746c4,image/jpeg,1089,722,4fcRDYJnenevd4dqd5iXd2dgeAim,0.0,0.0,"","","2023-10-29 19:19:45+00:00","2024-04-24 13:11:22"
58ff34f55110,image/jpeg,1089,722,ovcVFYRoeXafdoeKiHeXhjmAnAS4,0.0,0.0,"","","2023-10-27 12:09:40+01:00","2024-04-24 13:11:09"
5d532316028f,image/jpeg,1089,722,4/cVFYKYaYZviHeHeGh3ilSgSQWK,0.0,0.0,"","","2023-10-29 19:41:07+00:00","2024-04-24 13:11:09"
5d5c43013c16,image/jpeg,1089,722,TEgKHYhJeJePdYiHiHiHd4FAASkV,0.0,0.0,"","","2023-10-26 23:25:17+01:00","2024-04-24 13:11:20"
63154904ef0b,image/jpeg,1089,722,3QcKFYJ1OlVPZ2eqd4qJd2Rl3wbU,0.0,0.0,"","","2023-10-30 12:05:30+00:00","2024-04-24 13:11:11"
67155186391d,image/jpeg,1089,722,3vcRFYI3eXh/h4dreXiHh62f0f0p,0.0,0.0,"","","2023-10-28 21:24:05+01:00","2024-04-24 13:11:18"
67655ea293a9,image/jpeg,1089,722,GPgNDYI0mGh/iXeGiXiIk1FxMAQn,0.0,0.0,"","","2023-10-27 13:14:14+01:00","2024-04-24 13:11:11"
6d10461265b5,image/jpeg,1089,722,lCgKHYQFeYmHiXaRmnZGeZd/c/hH,0.0,0.0,"","","2023-10-26 11:12:07+01:00","2024-04-24 13:11:13"
7233a82e35b3,image/jpeg,1089,722,pPcJDYD2e3iPVnaEh5mGhyhghgaG,0.0,0.0,"","","2023-10-30 21:39:55+00:00","2024-04-24 13:11:14"
7310a0ca9857,image/jpeg,1089,722,1AcWFYJXeYePhXeLh5eIhzhglQNG,0.0,0.0,"","","2023-10-27 12:09:46+01:00","2024-04-24 13:11:21"
7506dcb82940,image/jpeg,1089,722,xQcKDYJkmJV4d2igeXZ5a1+I/VQa,0.0,0.0,"","","2023-10-28 00:01:08+01:00","2024-04-24 13:11:14"
759dfd5ecc60,image/jpeg,1089,722,oucJFYBadnmceZqvWKaZaN+LrH7A,0.0,0.0,"","","2023-10-30 20:50:14+00:00","2024-04-24 13:11:19"
75fd227c2575,image/jpeg,1089,722,2fcNFYKRhnefiIeVeIiHhaByAxxH,0.0,0.0,"","","2023-10-27 13:07:51+01:00","2024-04-24 13:11:16"
7722bdf3ee4d,image/jpeg,1089,722,n/cZBYCMdniPh4hYh4iHiMngmQyZ,0.0,0.0,"","","2023-10-29 19:09:44+00:00","2024-04-24 13:11:17"
7beec8803bbd,image/jpeg,1089,722,HQgOFYR0nGqfy3iYd2hmd2AqBoeF,0.0,0.0,"","","2023-10-28 21:26:03+01:00","2024-04-24 13:11:20"
82c22810b867,image/jpeg,1089,722,UuYJVZBXeXh/h4eGeWiHeIVwVwl4,0.0,0.0,"","","2023-10-26 23:25:28+01:00","2024-04-24 13:11:20"
88744a5330b4,image/jpeg,1089,722,XBgKDYBQVJh+iGeUhliolfulnAn4,0.0,0.0,"","","2023-10-30 18:35:51+00:00","2024-04-24 13:11:08"
8cbe092666ff,image/jpeg,722,1089,5PcdDQKHeI93Z3dYh4h4eMCZMwRY,0.0,0.0,"","","2023-10-28 18:04:19+01:00","2024-04-24 13:11:20"
931db606c99b,image/jpeg,1089,722,UecVFYRYiYiPhoiLeIiXeKZiYAoG,0.0,0.0,"","","2023-10-27 21:39:56+01:00","2024-04-24 13:11:07"
968b13ef69c2,image/jpeg,1089,722,y/cNFYIGqHhtlHl3mGeIidiAlx9o,0.0,0.0,"","","2023-10-28 18:33:51+01:00","2024-04-24 13:11:09"
99cf2d1749c5,image/jpeg,1089,722,p/cVDYJkd3ePiHeHiHiIeOlA2j+j,0.0,0.0,"","","2023-10-27 13:15:30+01:00","2024-04-24 13:11:09"
a6be88ce37ba,image/jpeg,1089,722,nucVDYBZiId/iYd3d2d4h6aQWS96,0.0,0.0,"","","2023-10-29 19:20:15+00:00","2024-04-24 13:11:17"
ab5b29dfac22,image/jpeg,1089,722,2vcVDYJ2eHd/h4eIh3eHeHRQegjG,0.0,0.0,"","","2023-10-27 13:18:04+01:00","2024-04-24 13:11:17"
ab6d1b47c3c3,image/jpeg,1089,722,nfgJDYIHaHhqdpd5eIiGhaWg+TRU,0.0,0.0,"","","2023-10-30 18:53:16+00:00","2024-04-24 13:11:14"
adc7b50f9354,image/jpeg,1089,722,TOYJTYpWeHhvh4eGeViHh4eAdwh5,0.0,0.0,"","","2023-10-26 23:24:46+01:00","2024-04-24 13:11:08"
af108e4f8093,image/jpeg,1089,722,4fcRDYBbh3ePeIdch3d3hVSAOASY,0.0,0.0,"","","2023-10-27 20:48:02+01:00","2024-04-24 13:11:10"
b007ae217097,image/jpeg,1089,722,DPgJFYJGSXiPhoaJeGhohKaAhAwH,0.0,0.0,"","","2023-10-28 19:52:42+01:00","2024-04-24 13:11:11"
b1ae2618c01c,image/jpeg,1089,722,m+cRDYKFd3hvh3eFh2iIeqFQFwqF,0.0,0.0,"","","2023-10-27 14:02:05+01:00","2024-04-24 13:11:09"
b5dbc389f163,image/jpeg,1089,722,2fcRDYJjiIdfdoh1ZneIiYyQtwd4,0.0,0.0,"","","2023-10-30 13:42:31+00:00","2024-04-24 13:11:14"
b7736c4ca188,image/jpeg,1089,722,WRgKDYI9eZedd3d5eAeWbv6+uc+a,0.0,0.0,"","","2023-10-27 16:57:18+01:00","2024-04-24 13:11:15"
b79912165394,image/jpeg,1089,722,2fcZFYRVmIhvh4h4eGeJiL7T8Dsc,0.0,0.0,"","","2023-10-27 21:49:07+01:00","2024-04-24 13:11:15"
b9819a11473c,image/jpeg,1089,722,VAcKDYKWh2l9iYmAe2eYbbkQyksE,0.0,0.0,"","","2023-10-28 00:00:38+01:00","2024-04-24 13:11:08"
bba46d9c4395,image/jpeg,1089,722,1/cRDYJUeWZ/hoemh4iHeGmQtwiJ,0.0,0.0,"","","2023-10-27 14:43:31+01:00","2024-04-24 13:11:10"
beee8e6bd8a4,image/jpeg,1089,722,TygKFYT7ZWeLmYmFqEmVZwiAqQCX,0.0,0.0,"","","2023-10-25 14:21:07+01:00","2024-04-24 13:11:22"
c041fec58911,image/jpeg,1089,722,VBgKDYLqdbKfZUeYd7iIh5P3VmAq,0.0,0.0,"","","2023-10-29 19:58:12+00:00","2024-04-24 13:11:19"
c14ab2df1fd9,image/jpeg,1089,722,UfgNDYAHmoZ6dXh4hoiGhwd1AgrX,0.0,0.0,"","","2023-10-30 18:55:09+00:00","2024-04-24 13:11:12"
c3bf34eb63d3,image/jpeg,1089,722,UvgNDYIGqmhdtWh+iHaWin/FnQq6,0.0,0.0,"","","2023-10-30 18:44:04+00:00","2024-04-24 13:11:17"
c481e4fa526d,image/jpeg,1089,722,kygSFYZwmodcl3h2iGeIh4C1B1mK,0.0,0.0,"","","2023-10-29 19:44:03+00:00","2024-04-24 13:11:19"
c698a4d1c868,image/jpeg,1089,722,I8cNHYRWiYdveYeDhliHinBjAzdG,0.0,0.0,"","","2023-10-28 21:34:23+01:00","2024-04-24 13:11:20"
c75cc12c04d9,image/jpeg,1089,722,WBgSDYKfhGh/V4l7eZiXeF4BtyNg,0.0,0.0,"","","2023-10-30 21:19:30+00:00","2024-04-24 13:11:12"
cd764ac70ab3,image/jpeg,1089,722,3dYNFYR3eYefaIh5h5h4djlwmAR3,0.0,0.0,"","","2023-10-28 23:16:03+01:00","2024-04-24 13:11:11"
d1b8feb7a222,image/jpeg,1089,722,Z9cVHYR3d4iPiHiGd1eIeah1gFoH,0.0,0.0,"","","2023-10-28 22:42:09+01:00","2024-04-24 13:11:12"
d46f55cc2d42,image/jpeg,1089,722,EwgWDYRoiIiPh4eLh3eHdndwdgeH,0.0,0.0,"","","2023-10-30 21:33:23+00:00","2024-04-24 13:11:21"
d7095c85e2be,image/jpeg,1089,722,VygGDYREV7dFd4efeBeIltGmUG8K,0.0,0.0,"","","2023-10-30 18:31:16+00:00","2024-04-24 13:11:21"
de7cd0312a1f,image/jpeg,1089,722,0PcRDYAkqYdvhIiWd0aKiKeAdQx4,0.0,0.0,"","","2023-10-30 22:14:35+00:00","2024-04-24 13:11:08"
df9bf3c09f51,image/jpeg,1089,722,VTgKDYqQVXhtiJe3lndqhwlzdYCI,0.0,0.0,"","","2023-10-30 18:26:48+00:00","2024-04-24 13:11:13"
dfe509bdc9dc,image/jpeg,1089,722,kvcRDYJYeHh/hod8h5eIiCCWOlCW,0.0,0.0,"","","2023-10-27 21:57:05+01:00","2024-04-24 13:11:18"
e1231437fbf0,image/jpeg,1089,722,U3kKLYgDiWVJh2mFapiWdUt10CUH,0.0,0.0,"","","2023-10-28 21:01:04+01:00","2024-04-24 13:11:08"
e8342a5ea461,image/jpeg,1089,722,5fcNDYImeId/eXi7eGd3g3aQcVgJ,0.0,0.0,"","","2023-10-27 13:48:09+01:00","2024-04-24 13:11:19"
eb2a6c3379dc,image/jpeg,1089,722,EZoGHYZoWHZ+eImAiYeGZWiMcLYH,0.0,0.0,"","","2023-10-29 02:23:39+00:00","2024-04-24 13:11:11"
efd00edaa9e5,image/jpeg,1089,722,4/cRDYCodHl/hoh5iHd3dVSwdXkJ,0.0,0.0,"","","2023-10-29 19:32:25+00:00","2024-04-24 13:11:14"
f13560a80ac3,image/jpeg,1089,722,BwgGFYJvyJq9Zpndc1pnG2dgbAe3,0.0,0.0,"","","2023-10-28 00:37:58+01:00","2024-04-24 13:11:19"
ff09d6d31e02,image/jpeg,1089,722,2fcJFYJoNGjMkGhphdt5iNO/CWZN,0.0,0.0,"","","2023-10-25 12:50:57+01:00","2024-04-24 13:11:18"
ffd227a4e936,image/jpeg,1089,722,mgcSDYINeZaEiXh1eYh4iKBpPT9x,0.0,0.0,"","","2023-10-30 20:02:41+00:00","2024-04-24 13:11:15"
